{"count":1,"gauges":{"box_collider.CumulativeReward":{"count":208,"max":19,"min":0,"value":3,"weightedAverage":2.31504726}},"self":15.601564799999998,"total":29.212062,"children":{"AgentSendState":{"count":18534,"self":0.99712899999999993,"total":1.9859,"children":{"CollectObservations":{"count":16686,"self":0.191493,"total":0.191493,"children":null},"CollectDiscreteActionMasks":{"count":16686,"self":0.165324,"total":0.165324,"children":null},"AgentInfo.ToProto":{"count":16686,"self":0.380146,"total":0.631954,"children":{"GenerateSensorData":{"count":16686,"self":0.251808,"total":0.251808,"children":null}}}}},"DecideAction":{"count":18534,"self":11.1159968,"total":11.115997,"children":null},"AgentAct":{"count":18534,"self":0.498643,"total":0.507714,"children":{"AgentInfo.ToProto":{"count":208,"self":0.005056,"total":0.009071,"children":{"GenerateSensorData":{"count":208,"self":0.0040149999999999995,"total":0.0040149999999999995,"children":null}}}}}}}