{"count":1,"gauges":{"box_collider.CumulativeReward":{"count":531,"max":19,"min":0,"value":5,"weightedAverage":3.833404}},"self":137.08232959999998,"total":247.265516,"children":{"AgentSendState":{"count":107301,"self":9.0257408,"total":17.937828,"children":{"CollectObservations":{"count":96579,"self":1.769393,"total":1.769393,"children":null},"CollectDiscreteActionMasks":{"count":96579,"self":1.5574519999999998,"total":1.5574519999999998,"children":null},"AgentInfo.ToProto":{"count":96579,"self":3.409608,"total":5.585242,"children":{"GenerateSensorData":{"count":96579,"self":2.175634,"total":2.175634,"children":null}}}}},"DecideAction":{"count":107301,"self":87.8772096,"total":87.877207,"children":null},"AgentAct":{"count":107301,"self":4.3353192,"total":4.365936,"children":{"AgentInfo.ToProto":{"count":531,"self":0.017336999999999998,"total":0.030617,"children":{"GenerateSensorData":{"count":531,"self":0.01328,"total":0.01328,"children":null}}}}}}}