{"cameraMode":{"drawMode":0,"name":"Shaded","section":"Shading Mode"},"sceneLighting":false,"audioPlay":false,"sceneViewState":{"showFog":true,"showMaterialUpdate":false,"showSkybox":false,"showFlares":true,"showImageEffects":true,"showParticleSystems":true},"in2DMode":false,"pivot":{"x":3.177135467529297,"y":-10.494733810424805,"z":6.2278289794921879},"rotation":{"x":-0.13140030205249787,"y":0.8651248812675476,"z":-0.298077255487442,"w":-0.38137009739875796},"size":48.77259063720703,"orthographic":false}