{"cameraMode":{"drawMode":0,"name":"Shaded","section":"Shading Mode"},"sceneLighting":false,"audioPlay":false,"sceneViewState":{"showFog":true,"showMaterialUpdate":false,"showSkybox":false,"showFlares":true,"showImageEffects":true,"showParticleSystems":true},"in2DMode":false,"pivot":{"x":-0.010532379150390625,"y":0.4758949279785156,"z":-0.5310401916503906},"rotation":{"x":-0.1267845779657364,"y":0.8696144819259644,"z":-0.2923465371131897,"w":-0.3771339952945709},"size":40.25115203857422,"orthographic":false}